nom,prenom,cin,email,matricule,num_poste,unit_label,subsidiary_label
Trabelsi,Maher,11111111,maher.trabelsi1455@gmail.com,MAT001,P001,IT,PGH Tunis
Ben Ali,Mohamed,90000002,amiraatrabelsii6@gmail.com,MAT002,P002,Finance,PGH Tunis
Chaabane,Sarra,90000003,sarra.chaabane@test.com,MAT003,P003,RH,PGH Tunis
Mansouri,Leila,90000004,leila.mansouri@test.com,MAT004,P004,Marketing,PGH Sfax
Gharbi,Amine,90000005,amine.gharbi@test.com,MAT005,P005,IT,PGH Sfax
Jaziri,Salma,90000006,salma.jaziri@test.com,MAT006,P006,RH,PGH Tunis
Kefi,Yassine,90000007,yassine.kefi@test.com,MAT007,P007,Marketing,PGH Sfax
Mejri,Hanen,90000008,hanen.mejri@test.com,MAT008,P008,Finance,PGH Tunis
Ayadi,Walid,90000009,walid.ayadi@test.com,MAT009,P009,IT,PGH Sfax
Bouzid,Nour,90000010,nour.bouzid@test.com,MAT010,P010,RH,PGH Tunis
Zitouni,Ahmed,90000011,ahmed.zitouni@test.com,MAT011,P011,Marketing,PGH Sfax
Sassi,Imen,90000012,imen.sassi@test.com,MAT012,P012,Finance,PGH Tunis
Tlili,Hichem,90000013,hichem.tlili@test.com,MAT013,P013,IT,PGH Sfax
Ben Salah,Rania,90000014,rania.bensalah@test.com,MAT014,P014,RH,PGH Tunis
Haddad,Ali,90000015,ali.haddad@test.com,MAT015,P015,Marketing,PGH Sfax
Khalfallah,Meriem,90000016,meriem.khalfallah@test.com,MAT016,P016,Finance,PGH Tunis
Brahmi,Sami,90000017,sami.brahmi@test.com,MAT017,P017,IT,PGH Sfax
Guezguez,Aya,90000018,aya.guezguez@test.com,MAT018,P018,RH,PGH Tunis
Ferjani,Mehdi,90000019,mehdi.ferjani@test.com,MAT019,P019,Marketing,PGH Sfax
Omrani,Ines,90000020,ines.omrani@test.com,MAT020,P020,Finance,PGH Tunis
Cherif,Nidhal,90000021,nidhal.cherif@test.com,MAT021,P021,IT,PGH Sfax
Dhaoui,Asma,90000022,asma.dhaoui@test.com,MAT022,P022,RH,PGH Tunis
Saidi,Firas,90000023,firas.saidi@test.com,MAT023,P023,Marketing,PGH Sfax
Kammoun,Wafa,90000024,wafa.kammoun@test.com,MAT024,P024,Finance,PGH Tunis
Abid,Skander,90000025,skander.abid@test.com,MAT025,P025,IT,PGH Sfax
Ben Amor,Lina,90000026,lina.benamor@test.com,MAT026,P026,RH,PGH Tunis
Harbi,Zied,90000027,zied.harbi@test.com,MAT027,P027,Marketing,PGH Sfax
Chakroun,Sarah,90000028,sarah.chakroun@test.com,MAT028,P028,Finance,PGH Tunis
Nefzi,Mourad,90000029,mourad.nefzi@test.com,MAT029,P029,IT,PGH Sfax
Belaid,Amira,90000030,amira.belaid@test.com,MAT030,P030,RH,PGH Tunis
Ghannouchi,Lotfi,90000031,lotfi.ghannouchi@test.com,MAT031,P031,Marketing,PGH Sfax
Hamdi,Nourhen,90000032,nourhen.hamdi@test.com,MAT032,P032,Finance,PGH Tunis
Zoghlami,Anis,90000033,anis.zoghlami@test.com,MAT033,P033,IT,PGH Sfax
Bennour,Hela,90000034,hela.bennour@test.com,MAT034,P034,RH,PGH Tunis
Masmoudi,Adel,90000035,adel.masmoudi@test.com,MAT035,P035,Marketing,PGH Sfax
Ben Romdhane,Olfa,90000036,olfa.benromdhane@test.com,MAT036,P036,Finance,PGH Tunis
Gaaloul,Wael,90000037,wael.gaaloul@test.com,MAT037,P037,IT,PGH Sfax
Khelifi,Rim,90000038,rim.khelifi@test.com,MAT038,P038,RH,PGH Tunis
Zayani,Issam,90000039,issam.zayani@test.com,MAT039,P039,Marketing,PGH Sfax
Baccouche,Marwa,90000040,marwa.baccouche@test.com,MAT040,P040,Finance,PGH Tunis
Heni,Seif,90000041,seif.heni@test.com,MAT041,P041,IT,PGH Sfax
Ayari,Malek,90000042,malek.ayari@test.com,MAT042,P042,RH,PGH Tunis
Boukhris,Farah,90000043,farah.boukhris@test.com,MAT043,P043,Marketing,PGH Sfax
Karray,Hatem,90000044,hatem.karray@test.com,MAT044,P044,Finance,PGH Tunis
Gdoura,Imed,90000045,imed.gdoura@test.com,MAT045,P045,IT,PGH Sfax
Jemai,Ons,90000046,ons.jemai@test.com,MAT046,P046,RH,PGH Tunis
Souissi,Nader,90000047,nader.souissi@test.com,MAT047,P047,Marketing,PGH Sfax
Miled,Dorra,90000048,dorra.miled@test.com,MAT048,P048,Finance,PGH Tunis
Ben Youssef,Majdi,90000049,majdi.benyoussef@test.com,MAT049,P049,IT,PGH Sfax
Kefi,Amel,90000050,amel.kefi@test.com,MAT050,P050,RH,PGH Tunis
